{"cameraMode":{"drawMode":0,"name":"Shaded","section":"Shading Mode"},"sceneLighting":false,"audioPlay":false,"sceneViewState":{"showFog":true,"showMaterialUpdate":false,"showSkybox":false,"showFlares":true,"showImageEffects":true,"showParticleSystems":true},"in2DMode":false,"pivot":{"x":-0.014365408569574356,"y":-0.053119394928216937,"z":-0.12264886498451233},"rotation":{"x":0.16420172154903413,"y":0.5234327912330627,"z":-0.1035408154129982,"w":0.8299909234046936},"size":0.5612486004829407,"orthographic":false}