{"cameraMode":{"drawMode":0,"name":"Shaded","section":"Shading Mode"},"sceneLighting":false,"audioPlay":false,"sceneViewState":{"showFog":true,"showMaterialUpdate":false,"showSkybox":false,"showFlares":true,"showImageEffects":true,"showParticleSystems":true},"in2DMode":false,"pivot":{"x":-2.7161900997161867,"y":-0.41170424222946169,"z":-0.26374125480651858},"rotation":{"x":-0.25860050320625307,"y":0.3041784465312958,"z":-0.08602330833673477,"w":-0.912891685962677},"size":2.220149278640747,"orthographic":false}