{"cameraMode":{"drawMode":0,"name":"Shaded","section":"Shading Mode"},"sceneLighting":false,"audioPlay":false,"sceneViewState":{"showFog":true,"showMaterialUpdate":false,"showSkybox":false,"showFlares":true,"showImageEffects":true,"showParticleSystems":true},"in2DMode":false,"pivot":{"x":5.252292633056641,"y":-0.5132526755332947,"z":16.784650802612306},"rotation":{"x":0.3226131498813629,"y":-0.3176005482673645,"z":0.11589638888835907,"w":0.8843660354614258},"size":103.07764434814453,"orthographic":false}